{"cameraMode":{"drawMode":0,"name":"Shaded","section":"Shading Mode"},"sceneLighting":true,"audioPlay":false,"sceneViewState":{"m_AlwaysRefresh":false,"showFog":true,"showSkybox":true,"showFlares":true,"showImageEffects":true,"showParticleSystems":true,"showVisualEffectGraphs":true,"m_FxEnabled":true},"in2DMode":false,"pivot":{"x":1801.9410400390625,"y":1842.6263427734375,"z":870.4542846679688},"rotation":{"x":-0.16644929349422456,"y":0.8116758465766907,"z":-0.27800053358078005,"w":-0.48585546016693118},"size":29.51863670349121,"orthographic":false}