{"cameraMode":{"drawMode":0,"name":"Shaded","section":"Shading Mode"},"sceneLighting":true,"audioPlay":false,"sceneViewState":{"m_AlwaysRefresh":false,"showFog":true,"showSkybox":true,"showFlares":true,"showImageEffects":true,"showParticleSystems":true,"showVisualEffectGraphs":true,"m_FxEnabled":true},"in2DMode":false,"pivot":{"x":-2.5767242908477785,"y":5.482336044311523,"z":-5.84039831161499},"rotation":{"x":0.011688613332808018,"y":-0.012273535132408142,"z":-0.00015226822870317847,"w":-0.9998425841331482},"size":3.629300832748413,"orthographic":false}