{"cameraMode":{"drawMode":0,"name":"Shaded","section":"Shading Mode"},"sceneLighting":true,"audioPlay":false,"sceneViewState":{"m_AlwaysRefresh":false,"showFog":true,"showSkybox":true,"showFlares":true,"showImageEffects":true,"showParticleSystems":true,"showVisualEffectGraphs":true,"m_FxEnabled":true},"in2DMode":false,"pivot":{"x":3.6218576431274416,"y":-32.40419006347656,"z":279.90289306640627},"rotation":{"x":0.06444248557090759,"y":0.00983028206974268,"z":-0.0008931228658184409,"w":0.9977679252624512},"size":142.91799926757813,"orthographic":false}