{"cameraMode":{"drawMode":0,"name":"Shaded","section":"Shading Mode"},"sceneLighting":true,"audioPlay":false,"sceneViewState":{"m_AlwaysRefresh":false,"showFog":true,"showSkybox":true,"showFlares":true,"showImageEffects":true,"showParticleSystems":true,"showVisualEffectGraphs":true,"m_FxEnabled":true},"in2DMode":false,"pivot":{"x":500.957763671875,"y":412.88702392578127,"z":-252.0276641845703},"rotation":{"x":0.24451854825019837,"y":-0.12034537643194199,"z":0.03060057759284973,"w":0.9616230130195618},"size":30.972286224365236,"orthographic":false}