{"cameraMode":{"drawMode":0,"name":"Shaded","section":"Shading Mode"},"sceneLighting":true,"audioPlay":false,"sceneViewState":{"m_AlwaysRefresh":false,"showFog":true,"showSkybox":true,"showFlares":true,"showImageEffects":true,"showParticleSystems":true,"showVisualEffectGraphs":true,"m_FxEnabled":true},"in2DMode":false,"pivot":{"x":377.37432861328127,"y":234.72669982910157,"z":-797.3623046875},"rotation":{"x":-0.01799643784761429,"y":0.012904971837997437,"z":-0.00023485266137868166,"w":-0.9997077584266663},"size":30.972286224365236,"orthographic":false}