{"cameraMode":{"drawMode":0,"name":"Shaded","section":"Shading Mode"},"sceneLighting":false,"audioPlay":false,"sceneViewState":{"m_AlwaysRefresh":false,"showFog":true,"showSkybox":false,"showFlares":true,"showImageEffects":true,"showParticleSystems":true,"showVisualEffectGraphs":true,"m_FxEnabled":true},"in2DMode":false,"pivot":{"x":-0.10392126441001892,"y":0.27687761187553408,"z":-0.1560802310705185},"rotation":{"x":-0.021969005465507509,"y":-0.9782856702804565,"z":0.14028671383857728,"w":-0.1499389261007309},"size":0.8660253882408142,"orthographic":false}